Number;Account Name;Address 1;Address 2;ZIP;City;Telephone
1000;AccountName1;Address1;Address2 1;2765;Smoerum;4570230028
1001;AccountName2;Address2;Address2 2;2765;Smoerum;4570230028
1002;AccountName3;Address3;Address2 3;2765;Smoerum;4570230028
1003;AccountName4;Address4;Address2 4;2765;Smoerum;4570230028
1004;AccountName5;Address5;Address2 5;2765;Smoerum;4570230028
1005;AccountName6;Address6;Address2 6;2765;Smoerum;4570230028
1006;AccountName7;Address7;Address2 7;2765;Smoerum;4570230028
1007;AccountName8;Address8;Address2 8;2765;Smoerum;4570230028
1008;AccountName9;Address9;Address2 9;2765;Smoerum;4570230028
1009;AccountName10;Address10;Address2 10;2765;Smoerum;4570230028
1010;AccountName11;Address11;Address2 11;2765;Smoerum;4570230028
1011;AccountName12;Address12;Address2 12;2765;Smoerum;4570230028
1012;AccountName13;Address13;Address2 13;2765;Smoerum;4570230028
1013;AccountName14;Address14;Address2 14;2765;Smoerum;4570230028
1014;AccountName15;Address15;Address2 15;2765;Smoerum;4570230028
1015;AccountName16;Address16;Address2 16;2765;Smoerum;4570230028
1016;AccountName17;Address17;Address2 17;2765;Smoerum;4570230028
1017;AccountName18;Address18;Address2 18;2765;Smoerum;4570230028
1018;AccountName19;Address19;Address2 19;2765;Smoerum;4570230028
1019;AccountName20;Address20;Address2 20;2765;Smoerum;4570230028
1020;AccountName21;Address21;Address2 21;2765;Smoerum;4570230028
1021;AccountName22;Address22;Address2 22;2765;Smoerum;4570230028
1022;AccountName23;Address23;Address2 23;2765;Smoerum;4570230028
1023;AccountName24;Address24;Address2 24;2765;Smoerum;4570230028
1024;AccountName25;Address25;Address2 25;2765;Smoerum;4570230028
1025;AccountName26;Address26;Address2 26;2766;Smoerum;4570230029
1026;AccountName27;Address27;Address2 27;2767;Smoerum;4570230030
1027;AccountName28;Address28;Address2 28;2768;Smoerum;4570230031
1028;AccountName29;Address29;Address2 29;2769;Smoerum;4570230032
1029;AccountName30;Address30;Address2 30;2770;Smoerum;4570230033
1030;AccountName31;Address31;Address2 31;2771;Smoerum;4570230034
1031;AccountName32;Address32;Address2 32;2772;Smoerum;4570230035
1032;AccountName33;Address33;Address2 33;2773;Smoerum;4570230036
1033;AccountName34;Address34;Address2 34;2774;Smoerum;4570230037
1034;AccountName35;Address35;Address2 35;2775;Smoerum;4570230038
1035;AccountName36;Address36;Address2 36;2776;Smoerum;4570230039
1036;AccountName37;Address37;Address2 37;2777;Smoerum;4570230040
1037;AccountName38;Address38;Address2 38;2778;Smoerum;4570230041
1038;AccountName39;Address39;Address2 39;2779;Smoerum;4570230042
1039;AccountName40;Address40;Address2 40;2780;Smoerum;4570230043
1040;AccountName41;Address41;Address2 41;2781;Smoerum;4570230044
1041;AccountName42;Address42;Address2 42;2782;Smoerum;4570230045
1042;AccountName43;Address43;Address2 43;2783;Smoerum;4570230046
1043;AccountName44;Address44;Address2 44;2784;Smoerum;4570230047
1044;AccountName45;Address45;Address2 45;2785;Smoerum;4570230048
1045;AccountName46;Address46;Address2 46;2786;Smoerum;4570230049
1046;AccountName47;Address47;Address2 47;2787;Smoerum;4570230050
1047;AccountName48;Address48;Address2 48;2788;Smoerum;4570230051
1048;AccountName49;Address49;Address2 49;2789;Smoerum;4570230052
1049;AccountName50;Address50;Address2 50;2790;Smoerum;4570230053
1050;AccountName51;Address51;Address2 51;2791;Smoerum;4570230054
1051;AccountName52;Address52;Address2 52;2792;Smoerum;4570230055
1052;AccountName53;Address53;Address2 53;2793;Smoerum;4570230056
1053;AccountName54;Address54;Address2 54;2794;Smoerum;4570230057
1054;AccountName55;Address55;Address2 55;2795;Smoerum;4570230058
1055;AccountName56;Address56;Address2 56;2796;Smoerum;4570230059
1056;AccountName57;Address57;Address2 57;2797;Smoerum;4570230060
1057;AccountName58;Address58;Address2 58;2798;Smoerum;4570230061
1058;AccountName59;Address59;Address2 59;2799;Smoerum;4570230062
1059;AccountName60;Address60;Address2 60;2800;Smoerum;4570230063
1060;AccountName61;Address61;Address2 61;2801;Smoerum;4570230064
1061;AccountName62;Address62;Address2 62;2802;Smoerum;4570230065
1062;AccountName63;Address63;Address2 63;2803;Smoerum;4570230066
1063;AccountName64;Address64;Address2 64;2804;Smoerum;4570230067
1064;AccountName65;Address65;Address2 65;2805;Smoerum;4570230068
1065;AccountName66;Address66;Address2 66;2806;Smoerum;4570230069
1066;AccountName67;Address67;Address2 67;2807;Smoerum;4570230070
1067;AccountName68;Address68;Address2 68;2808;Smoerum;4570230071
1068;AccountName69;Address69;Address2 69;2809;Smoerum;4570230072
1069;AccountName70;Address70;Address2 70;2810;Smoerum;4570230073
1070;AccountName71;Address71;Address2 71;2811;Smoerum;4570230074
1071;AccountName72;Address72;Address2 72;2812;Smoerum;4570230075
1072;AccountName73;Address73;Address2 73;2813;Smoerum;4570230076
1073;AccountName74;Address74;Address2 74;2814;Smoerum;4570230077
1074;AccountName75;Address75;Address2 75;2815;Smoerum;4570230078
1075;AccountName76;Address76;Address2 76;2816;Smoerum;4570230079
1076;AccountName77;Address77;Address2 77;2817;Smoerum;4570230080
1077;AccountName78;Address78;Address2 78;2818;Smoerum;4570230081
1078;AccountName79;Address79;Address2 79;2819;Smoerum;4570230082
1079;AccountName80;Address80;Address2 80;2820;Smoerum;4570230083
1080;AccountName81;Address81;Address2 81;2821;Smoerum;4570230084
1081;AccountName82;Address82;Address2 82;2822;Smoerum;4570230085
1082;AccountName83;Address83;Address2 83;2823;Smoerum;4570230086
1083;AccountName84;Address84;Address2 84;2824;Smoerum;4570230087
1084;AccountName85;Address85;Address2 85;2825;Smoerum;4570230088
1085;AccountName86;Address86;Address2 86;2826;Smoerum;4570230089
1086;AccountName87;Address87;Address2 87;2827;Smoerum;4570230090
1087;AccountName88;Address88;Address2 88;2828;Smoerum;4570230091
1088;AccountName89;Address89;Address2 89;2829;Smoerum;4570230092
1089;AccountName90;Address90;Address2 90;2830;Smoerum;4570230093
1090;AccountName91;Address91;Address2 91;2831;Smoerum;4570230094
1091;AccountName92;Address92;Address2 92;2832;Smoerum;4570230095
1092;AccountName93;Address93;Address2 93;2833;Smoerum;4570230096
1093;AccountName94;Address94;Address2 94;2834;Smoerum;4570230097
1094;AccountName95;Address95;Address2 95;2835;Smoerum;4570230098
1095;AccountName96;Address96;Address2 96;2836;Smoerum;4570230099
1096;AccountName97;Address97;Address2 97;2837;Smoerum;4570230100
1097;AccountName98;Address98;Address2 98;2838;Smoerum;4570230101
1098;AccountName99;Address99;Address2 99;2839;Smoerum;4570230102
1099;AccountName100;Address100;Address2 100;2840;Smoerum;4570230103
1100;AccountName101;Address101;Address2 101;2841;Smoerum;4570230104
1101;AccountName102;Address102;Address2 102;2842;Smoerum;4570230105
1102;AccountName103;Address103;Address2 103;2843;Smoerum;4570230106
1103;AccountName104;Address104;Address2 104;2844;Smoerum;4570230107
1104;AccountName105;Address105;Address2 105;2845;Smoerum;4570230108
1105;AccountName106;Address106;Address2 106;2846;Smoerum;4570230109
1106;AccountName107;Address107;Address2 107;2847;Smoerum;4570230110
1107;AccountName108;Address108;Address2 108;2848;Smoerum;4570230111
1108;AccountName109;Address109;Address2 109;2849;Smoerum;4570230112
1109;AccountName110;Address110;Address2 110;2850;Smoerum;4570230113
1110;AccountName111;Address111;Address2 111;2851;Smoerum;4570230114
1111;AccountName112;Address112;Address2 112;2852;Smoerum;4570230115
1112;AccountName113;Address113;Address2 113;2853;Smoerum;4570230116
1113;AccountName114;Address114;Address2 114;2854;Smoerum;4570230117
1114;AccountName115;Address115;Address2 115;2855;Smoerum;4570230118
1115;AccountName116;Address116;Address2 116;2856;Smoerum;4570230119
1116;AccountName117;Address117;Address2 117;2857;Smoerum;4570230120
1117;AccountName118;Address118;Address2 118;2858;Smoerum;4570230121
1118;AccountName119;Address119;Address2 119;2859;Smoerum;4570230122
1119;AccountName120;Address120;Address2 120;2860;Smoerum;4570230123
1120;AccountName121;Address121;Address2 121;2861;Smoerum;4570230124
1121;AccountName122;Address122;Address2 122;2862;Smoerum;4570230125
1122;AccountName123;Address123;Address2 123;2863;Smoerum;4570230126
1123;AccountName124;Address124;Address2 124;2864;Smoerum;4570230127
1124;AccountName125;Address125;Address2 125;2865;Smoerum;4570230128
1125;AccountName126;Address126;Address2 126;2866;Smoerum;4570230129
1126;AccountName127;Address127;Address2 127;2867;Smoerum;4570230130
1127;AccountName128;Address128;Address2 128;2868;Smoerum;4570230131
1128;AccountName129;Address129;Address2 129;2869;Smoerum;4570230132
1129;AccountName130;Address130;Address2 130;2870;Smoerum;4570230133
1130;AccountName131;Address131;Address2 131;2871;Smoerum;4570230134
1131;AccountName132;Address132;Address2 132;2872;Smoerum;4570230135
1132;AccountName133;Address133;Address2 133;2873;Smoerum;4570230136
1133;AccountName134;Address134;Address2 134;2874;Smoerum;4570230137
1134;AccountName135;Address135;Address2 135;2875;Smoerum;4570230138
1135;AccountName136;Address136;Address2 136;2876;Smoerum;4570230139
1136;AccountName137;Address137;Address2 137;2877;Smoerum;4570230140
1137;AccountName138;Address138;Address2 138;2878;Smoerum;4570230141
1138;AccountName139;Address139;Address2 139;2879;Smoerum;4570230142
1139;AccountName140;Address140;Address2 140;2880;Smoerum;4570230143
1140;AccountName141;Address141;Address2 141;2881;Smoerum;4570230144
1141;AccountName142;Address142;Address2 142;2882;Smoerum;4570230145
1142;AccountName143;Address143;Address2 143;2883;Smoerum;4570230146
1143;AccountName144;Address144;Address2 144;2884;Smoerum;4570230147
1144;AccountName145;Address145;Address2 145;2885;Smoerum;4570230148
1145;AccountName146;Address146;Address2 146;2886;Smoerum;4570230149
1146;AccountName147;Address147;Address2 147;2887;Smoerum;4570230150
1147;AccountName148;Address148;Address2 148;2888;Smoerum;4570230151
1148;AccountName149;Address149;Address2 149;2889;Smoerum;4570230152
1149;AccountName150;Address150;Address2 150;2890;Smoerum;4570230153
1150;AccountName151;Address151;Address2 151;2891;Smoerum;4570230154
1151;AccountName152;Address152;Address2 152;2892;Smoerum;4570230155
1152;AccountName153;Address153;Address2 153;2893;Smoerum;4570230156
1153;AccountName154;Address154;Address2 154;2894;Smoerum;4570230157
1154;AccountName155;Address155;Address2 155;2895;Smoerum;4570230158
1155;AccountName156;Address156;Address2 156;2896;Smoerum;4570230159
1156;AccountName157;Address157;Address2 157;2897;Smoerum;4570230160
1157;AccountName158;Address158;Address2 158;2898;Smoerum;4570230161
1158;AccountName159;Address159;Address2 159;2899;Smoerum;4570230162
1159;AccountName160;Address160;Address2 160;2900;Smoerum;4570230163
1160;AccountName161;Address161;Address2 161;2901;Smoerum;4570230164
1161;AccountName162;Address162;Address2 162;2902;Smoerum;4570230165
1162;AccountName163;Address163;Address2 163;2903;Smoerum;4570230166
1163;AccountName164;Address164;Address2 164;2904;Smoerum;4570230167
1164;AccountName165;Address165;Address2 165;2905;Smoerum;4570230168
1165;AccountName166;Address166;Address2 166;2906;Smoerum;4570230169
1166;AccountName167;Address167;Address2 167;2907;Smoerum;4570230170
1167;AccountName168;Address168;Address2 168;2908;Smoerum;4570230171
1168;AccountName169;Address169;Address2 169;2909;Smoerum;4570230172
1169;AccountName170;Address170;Address2 170;2910;Smoerum;4570230173
1170;AccountName171;Address171;Address2 171;2911;Smoerum;4570230174
1171;AccountName172;Address172;Address2 172;2912;Smoerum;4570230175
1172;AccountName173;Address173;Address2 173;2913;Smoerum;4570230176
1173;AccountName174;Address174;Address2 174;2914;Smoerum;4570230177
1174;AccountName175;Address175;Address2 175;2915;Smoerum;4570230178
1175;AccountName176;Address176;Address2 176;2916;Smoerum;4570230179
1176;AccountName177;Address177;Address2 177;2917;Smoerum;4570230180
1177;AccountName178;Address178;Address2 178;2918;Smoerum;4570230181
1178;AccountName179;Address179;Address2 179;2919;Smoerum;4570230182
1179;AccountName180;Address180;Address2 180;2920;Smoerum;4570230183
1180;AccountName181;Address181;Address2 181;2921;Smoerum;4570230184
1181;AccountName182;Address182;Address2 182;2922;Smoerum;4570230185
1182;AccountName183;Address183;Address2 183;2923;Smoerum;4570230186
1183;AccountName184;Address184;Address2 184;2924;Smoerum;4570230187
1184;AccountName185;Address185;Address2 185;2925;Smoerum;4570230188
1185;AccountName186;Address186;Address2 186;2926;Smoerum;4570230189
1186;AccountName187;Address187;Address2 187;2927;Smoerum;4570230190
1187;AccountName188;Address188;Address2 188;2928;Smoerum;4570230191
1188;AccountName189;Address189;Address2 189;2929;Smoerum;4570230192
1189;AccountName190;Address190;Address2 190;2930;Smoerum;4570230193
1190;AccountName191;Address191;Address2 191;2931;Smoerum;4570230194
1191;AccountName192;Address192;Address2 192;2932;Smoerum;4570230195
1192;AccountName193;Address193;Address2 193;2933;Smoerum;4570230196
1193;AccountName194;Address194;Address2 194;2934;Smoerum;4570230197
1194;AccountName195;Address195;Address2 195;2935;Smoerum;4570230198
1195;AccountName196;Address196;Address2 196;2936;Smoerum;4570230199
1196;AccountName197;Address197;Address2 197;2937;Smoerum;4570230200
1197;AccountName198;Address198;Address2 198;2938;Smoerum;4570230201
1198;AccountName199;Address199;Address2 199;2939;Smoerum;4570230202
1199;AccountName200;Address200;Address2 200;2940;Smoerum;4570230203
1200;AccountName201;Address201;Address2 201;2941;Smoerum;4570230204
1201;AccountName202;Address202;Address2 202;2942;Smoerum;4570230205
1202;AccountName203;Address203;Address2 203;2943;Smoerum;4570230206
1203;AccountName204;Address204;Address2 204;2944;Smoerum;4570230207
1204;AccountName205;Address205;Address2 205;2945;Smoerum;4570230208
1205;AccountName206;Address206;Address2 206;2946;Smoerum;4570230209
1206;AccountName207;Address207;Address2 207;2947;Smoerum;4570230210
1207;AccountName208;Address208;Address2 208;2948;Smoerum;4570230211
1208;AccountName209;Address209;Address2 209;2949;Smoerum;4570230212
1209;AccountName210;Address210;Address2 210;2950;Smoerum;4570230213
1210;AccountName211;Address211;Address2 211;2951;Smoerum;4570230214
1211;AccountName212;Address212;Address2 212;2952;Smoerum;4570230215
1212;AccountName213;Address213;Address2 213;2953;Smoerum;4570230216
1213;AccountName214;Address214;Address2 214;2954;Smoerum;4570230217
1214;AccountName215;Address215;Address2 215;2955;Smoerum;4570230218
1215;AccountName216;Address216;Address2 216;2956;Smoerum;4570230219
1216;AccountName217;Address217;Address2 217;2957;Smoerum;4570230220
1217;AccountName218;Address218;Address2 218;2958;Smoerum;4570230221
1218;AccountName219;Address219;Address2 219;2959;Smoerum;4570230222
1219;AccountName220;Address220;Address2 220;2960;Smoerum;4570230223
1220;AccountName221;Address221;Address2 221;2961;Smoerum;4570230224
1221;AccountName222;Address222;Address2 222;2962;Smoerum;4570230225
1222;AccountName223;Address223;Address2 223;2963;Smoerum;4570230226
1223;AccountName224;Address224;Address2 224;2964;Smoerum;4570230227
1224;AccountName225;Address225;Address2 225;2965;Smoerum;4570230228
1225;AccountName226;Address226;Address2 226;2966;Smoerum;4570230229
1226;AccountName227;Address227;Address2 227;2967;Smoerum;4570230230
1227;AccountName228;Address228;Address2 228;2968;Smoerum;4570230231
1228;AccountName229;Address229;Address2 229;2969;Smoerum;4570230232
1229;AccountName230;Address230;Address2 230;2970;Smoerum;4570230233
1230;AccountName231;Address231;Address2 231;2971;Smoerum;4570230234
1231;AccountName232;Address232;Address2 232;2972;Smoerum;4570230235
1232;AccountName233;Address233;Address2 233;2973;Smoerum;4570230236
1233;AccountName234;Address234;Address2 234;2974;Smoerum;4570230237
1234;AccountName235;Address235;Address2 235;2975;Smoerum;4570230238
1235;AccountName236;Address236;Address2 236;2976;Smoerum;4570230239
1236;AccountName237;Address237;Address2 237;2977;Smoerum;4570230240
1237;AccountName238;Address238;Address2 238;2978;Smoerum;4570230241
1238;AccountName239;Address239;Address2 239;2979;Smoerum;4570230242
1239;AccountName240;Address240;Address2 240;2980;Smoerum;4570230243
1240;AccountName241;Address241;Address2 241;2981;Smoerum;4570230244
1241;AccountName242;Address242;Address2 242;2982;Smoerum;4570230245
1242;AccountName243;Address243;Address2 243;2983;Smoerum;4570230246
1243;AccountName244;Address244;Address2 244;2984;Smoerum;4570230247
1244;AccountName245;Address245;Address2 245;2985;Smoerum;4570230248
1245;AccountName246;Address246;Address2 246;2986;Smoerum;4570230249
1246;AccountName247;Address247;Address2 247;2987;Smoerum;4570230250
1247;AccountName248;Address248;Address2 248;2988;Smoerum;4570230251
1248;AccountName249;Address249;Address2 249;2989;Smoerum;4570230252
1249;AccountName250;Address250;Address2 250;2990;Smoerum;4570230253
1250;AccountName251;Address251;Address2 251;2991;Smoerum;4570230254
1251;AccountName252;Address252;Address2 252;2992;Smoerum;4570230255
1252;AccountName253;Address253;Address2 253;2993;Smoerum;4570230256
1253;AccountName254;Address254;Address2 254;2994;Smoerum;4570230257
1254;AccountName255;Address255;Address2 255;2995;Smoerum;4570230258
1255;AccountName256;Address256;Address2 256;2996;Smoerum;4570230259
1256;AccountName257;Address257;Address2 257;2997;Smoerum;4570230260
1257;AccountName258;Address258;Address2 258;2998;Smoerum;4570230261
1258;AccountName259;Address259;Address2 259;2999;Smoerum;4570230262
1259;AccountName260;Address260;Address2 260;3000;Smoerum;4570230263
1260;AccountName261;Address261;Address2 261;3001;Smoerum;4570230264
1261;AccountName262;Address262;Address2 262;3002;Smoerum;4570230265
1262;AccountName263;Address263;Address2 263;3003;Smoerum;4570230266
1263;AccountName264;Address264;Address2 264;3004;Smoerum;4570230267
1264;AccountName265;Address265;Address2 265;3005;Smoerum;4570230268
1265;AccountName266;Address266;Address2 266;3006;Smoerum;4570230269
1266;AccountName267;Address267;Address2 267;3007;Smoerum;4570230270
1267;AccountName268;Address268;Address2 268;3008;Smoerum;4570230271
1268;AccountName269;Address269;Address2 269;3009;Smoerum;4570230272
1269;AccountName270;Address270;Address2 270;3010;Smoerum;4570230273
1270;AccountName271;Address271;Address2 271;3011;Smoerum;4570230274
1271;AccountName272;Address272;Address2 272;3012;Smoerum;4570230275
1272;AccountName273;Address273;Address2 273;3013;Smoerum;4570230276
1273;AccountName274;Address274;Address2 274;3014;Smoerum;4570230277
1274;AccountName275;Address275;Address2 275;3015;Smoerum;4570230278
1275;AccountName276;Address276;Address2 276;3016;Smoerum;4570230279
1276;AccountName277;Address277;Address2 277;3017;Smoerum;4570230280
1277;AccountName278;Address278;Address2 278;3018;Smoerum;4570230281
1278;AccountName279;Address279;Address2 279;3019;Smoerum;4570230282
1279;AccountName280;Address280;Address2 280;3020;Smoerum;4570230283
1280;AccountName281;Address281;Address2 281;3021;Smoerum;4570230284
1281;AccountName282;Address282;Address2 282;3022;Smoerum;4570230285
1282;AccountName283;Address283;Address2 283;3023;Smoerum;4570230286
1283;AccountName284;Address284;Address2 284;3024;Smoerum;4570230287
1284;AccountName285;Address285;Address2 285;3025;Smoerum;4570230288
1285;AccountName286;Address286;Address2 286;3026;Smoerum;4570230289
1286;AccountName287;Address287;Address2 287;3027;Smoerum;4570230290
1287;AccountName288;Address288;Address2 288;3028;Smoerum;4570230291
1288;AccountName289;Address289;Address2 289;3029;Smoerum;4570230292
1289;AccountName290;Address290;Address2 290;3030;Smoerum;4570230293
1290;AccountName291;Address291;Address2 291;3031;Smoerum;4570230294
1291;AccountName292;Address292;Address2 292;3032;Smoerum;4570230295
1292;AccountName293;Address293;Address2 293;3033;Smoerum;4570230296
1293;AccountName294;Address294;Address2 294;3034;Smoerum;4570230297
1294;AccountName295;Address295;Address2 295;3035;Smoerum;4570230298
1295;AccountName296;Address296;Address2 296;3036;Smoerum;4570230299
1296;AccountName297;Address297;Address2 297;3037;Smoerum;4570230300
1297;AccountName298;Address298;Address2 298;3038;Smoerum;4570230301
1298;AccountName299;Address299;Address2 299;3039;Smoerum;4570230302
1299;AccountName300;Address300;Address2 300;3040;Smoerum;4570230303
1300;AccountName301;Address301;Address2 301;3041;Smoerum;4570230304
1301;AccountName302;Address302;Address2 302;3042;Smoerum;4570230305
1302;AccountName303;Address303;Address2 303;3043;Smoerum;4570230306
1303;AccountName304;Address304;Address2 304;3044;Smoerum;4570230307
1304;AccountName305;Address305;Address2 305;3045;Smoerum;4570230308
1305;AccountName306;Address306;Address2 306;3046;Smoerum;4570230309
1306;AccountName307;Address307;Address2 307;3047;Smoerum;4570230310
1307;AccountName308;Address308;Address2 308;3048;Smoerum;4570230311
1308;AccountName309;Address309;Address2 309;3049;Smoerum;4570230312
1309;AccountName310;Address310;Address2 310;3050;Smoerum;4570230313
1310;AccountName311;Address311;Address2 311;3051;Smoerum;4570230314
1311;AccountName312;Address312;Address2 312;3052;Smoerum;4570230315
1312;AccountName313;Address313;Address2 313;3053;Smoerum;4570230316
1313;AccountName314;Address314;Address2 314;3054;Smoerum;4570230317
1314;AccountName315;Address315;Address2 315;3055;Smoerum;4570230318
1315;AccountName316;Address316;Address2 316;3056;Smoerum;4570230319
1316;AccountName317;Address317;Address2 317;3057;Smoerum;4570230320
1317;AccountName318;Address318;Address2 318;3058;Smoerum;4570230321
1318;AccountName319;Address319;Address2 319;3059;Smoerum;4570230322
1319;AccountName320;Address320;Address2 320;3060;Smoerum;4570230323
1320;AccountName321;Address321;Address2 321;3061;Smoerum;4570230324
1321;AccountName322;Address322;Address2 322;3062;Smoerum;4570230325
1322;AccountName323;Address323;Address2 323;3063;Smoerum;4570230326
1323;AccountName324;Address324;Address2 324;3064;Smoerum;4570230327
1324;AccountName325;Address325;Address2 325;3065;Smoerum;4570230328
1325;AccountName326;Address326;Address2 326;3066;Smoerum;4570230329
1326;AccountName327;Address327;Address2 327;3067;Smoerum;4570230330
1327;AccountName328;Address328;Address2 328;3068;Smoerum;4570230331
1328;AccountName329;Address329;Address2 329;3069;Smoerum;4570230332
1329;AccountName330;Address330;Address2 330;3070;Smoerum;4570230333
1330;AccountName331;Address331;Address2 331;3071;Smoerum;4570230334
1331;AccountName332;Address332;Address2 332;3072;Smoerum;4570230335
1332;AccountName333;Address333;Address2 333;3073;Smoerum;4570230336
1333;AccountName334;Address334;Address2 334;3074;Smoerum;4570230337
1334;AccountName335;Address335;Address2 335;3075;Smoerum;4570230338
1335;AccountName336;Address336;Address2 336;3076;Smoerum;4570230339
1336;AccountName337;Address337;Address2 337;3077;Smoerum;4570230340
1337;AccountName338;Address338;Address2 338;3078;Smoerum;4570230341
1338;AccountName339;Address339;Address2 339;3079;Smoerum;4570230342
1339;AccountName340;Address340;Address2 340;3080;Smoerum;4570230343
1340;AccountName341;Address341;Address2 341;3081;Smoerum;4570230344
1341;AccountName342;Address342;Address2 342;3082;Smoerum;4570230345
1342;AccountName343;Address343;Address2 343;3083;Smoerum;4570230346
1343;AccountName344;Address344;Address2 344;3084;Smoerum;4570230347
1344;AccountName345;Address345;Address2 345;3085;Smoerum;4570230348
1345;AccountName346;Address346;Address2 346;3086;Smoerum;4570230349
1346;AccountName347;Address347;Address2 347;3087;Smoerum;4570230350
1347;AccountName348;Address348;Address2 348;3088;Smoerum;4570230351
1348;AccountName349;Address349;Address2 349;3089;Smoerum;4570230352
1349;AccountName350;Address350;Address2 350;3090;Smoerum;4570230353
1350;AccountName351;Address351;Address2 351;3091;Smoerum;4570230354
1351;AccountName352;Address352;Address2 352;3092;Smoerum;4570230355
1352;AccountName353;Address353;Address2 353;3093;Smoerum;4570230356
1353;AccountName354;Address354;Address2 354;3094;Smoerum;4570230357
1354;AccountName355;Address355;Address2 355;3095;Smoerum;4570230358
1355;AccountName356;Address356;Address2 356;3096;Smoerum;4570230359
1356;AccountName357;Address357;Address2 357;3097;Smoerum;4570230360
1357;AccountName358;Address358;Address2 358;3098;Smoerum;4570230361
1358;AccountName359;Address359;Address2 359;3099;Smoerum;4570230362
1359;AccountName360;Address360;Address2 360;3100;Smoerum;4570230363
1360;AccountName361;Address361;Address2 361;3101;Smoerum;4570230364
1361;AccountName362;Address362;Address2 362;3102;Smoerum;4570230365
1362;AccountName363;Address363;Address2 363;3103;Smoerum;4570230366
1363;AccountName364;Address364;Address2 364;3104;Smoerum;4570230367
1364;AccountName365;Address365;Address2 365;3105;Smoerum;4570230368
1365;AccountName366;Address366;Address2 366;3106;Smoerum;4570230369
1366;AccountName367;Address367;Address2 367;3107;Smoerum;4570230370
1367;AccountName368;Address368;Address2 368;3108;Smoerum;4570230371
1368;AccountName369;Address369;Address2 369;3109;Smoerum;4570230372
1369;AccountName370;Address370;Address2 370;3110;Smoerum;4570230373
1370;AccountName371;Address371;Address2 371;3111;Smoerum;4570230374
1371;AccountName372;Address372;Address2 372;3112;Smoerum;4570230375
1372;AccountName373;Address373;Address2 373;3113;Smoerum;4570230376
1373;AccountName374;Address374;Address2 374;3114;Smoerum;4570230377
1374;AccountName375;Address375;Address2 375;3115;Smoerum;4570230378
1375;AccountName376;Address376;Address2 376;3116;Smoerum;4570230379
1376;AccountName377;Address377;Address2 377;3117;Smoerum;4570230380
1377;AccountName378;Address378;Address2 378;3118;Smoerum;4570230381
1378;AccountName379;Address379;Address2 379;3119;Smoerum;4570230382
1379;AccountName380;Address380;Address2 380;3120;Smoerum;4570230383
1380;AccountName381;Address381;Address2 381;3121;Smoerum;4570230384
1381;AccountName382;Address382;Address2 382;3122;Smoerum;4570230385
1382;AccountName383;Address383;Address2 383;3123;Smoerum;4570230386
1383;AccountName384;Address384;Address2 384;3124;Smoerum;4570230387
1384;AccountName385;Address385;Address2 385;3125;Smoerum;4570230388
1385;AccountName386;Address386;Address2 386;3126;Smoerum;4570230389
1386;AccountName387;Address387;Address2 387;3127;Smoerum;4570230390
1387;AccountName388;Address388;Address2 388;3128;Smoerum;4570230391
1388;AccountName389;Address389;Address2 389;3129;Smoerum;4570230392
1389;AccountName390;Address390;Address2 390;3130;Smoerum;4570230393
1390;AccountName391;Address391;Address2 391;3131;Smoerum;4570230394
1391;AccountName392;Address392;Address2 392;3132;Smoerum;4570230395
1392;AccountName393;Address393;Address2 393;3133;Smoerum;4570230396
1393;AccountName394;Address394;Address2 394;3134;Smoerum;4570230397
1394;AccountName395;Address395;Address2 395;3135;Smoerum;4570230398
1395;AccountName396;Address396;Address2 396;3136;Smoerum;4570230399
1396;AccountName397;Address397;Address2 397;3137;Smoerum;4570230400
1397;AccountName398;Address398;Address2 398;3138;Smoerum;4570230401
1398;AccountName399;Address399;Address2 399;3139;Smoerum;4570230402
1399;AccountName400;Address400;Address2 400;3140;Smoerum;4570230403
1400;AccountName401;Address401;Address2 401;3141;Smoerum;4570230404
1401;AccountName402;Address402;Address2 402;3142;Smoerum;4570230405
1402;AccountName403;Address403;Address2 403;3143;Smoerum;4570230406
1403;AccountName404;Address404;Address2 404;3144;Smoerum;4570230407
1404;AccountName405;Address405;Address2 405;3145;Smoerum;4570230408
1405;AccountName406;Address406;Address2 406;3146;Smoerum;4570230409
1406;AccountName407;Address407;Address2 407;3147;Smoerum;4570230410
1407;AccountName408;Address408;Address2 408;3148;Smoerum;4570230411
1408;AccountName409;Address409;Address2 409;3149;Smoerum;4570230412
1409;AccountName410;Address410;Address2 410;3150;Smoerum;4570230413
1410;AccountName411;Address411;Address2 411;3151;Smoerum;4570230414
1411;AccountName412;Address412;Address2 412;3152;Smoerum;4570230415
1412;AccountName413;Address413;Address2 413;3153;Smoerum;4570230416
1413;AccountName414;Address414;Address2 414;3154;Smoerum;4570230417
1414;AccountName415;Address415;Address2 415;3155;Smoerum;4570230418
1415;AccountName416;Address416;Address2 416;3156;Smoerum;4570230419
1416;AccountName417;Address417;Address2 417;3157;Smoerum;4570230420
1417;AccountName418;Address418;Address2 418;3158;Smoerum;4570230421
1418;AccountName419;Address419;Address2 419;3159;Smoerum;4570230422
1419;AccountName420;Address420;Address2 420;3160;Smoerum;4570230423
1420;AccountName421;Address421;Address2 421;3161;Smoerum;4570230424
1421;AccountName422;Address422;Address2 422;3162;Smoerum;4570230425
1422;AccountName423;Address423;Address2 423;3163;Smoerum;4570230426
1423;AccountName424;Address424;Address2 424;3164;Smoerum;4570230427
1424;AccountName425;Address425;Address2 425;3165;Smoerum;4570230428
1425;AccountName426;Address426;Address2 426;3166;Smoerum;4570230429
1426;AccountName427;Address427;Address2 427;3167;Smoerum;4570230430
1427;AccountName428;Address428;Address2 428;3168;Smoerum;4570230431
1428;AccountName429;Address429;Address2 429;3169;Smoerum;4570230432
1429;AccountName430;Address430;Address2 430;3170;Smoerum;4570230433
1430;AccountName431;Address431;Address2 431;3171;Smoerum;4570230434
1431;AccountName432;Address432;Address2 432;3172;Smoerum;4570230435
1432;AccountName433;Address433;Address2 433;3173;Smoerum;4570230436
1433;AccountName434;Address434;Address2 434;3174;Smoerum;4570230437
1434;AccountName435;Address435;Address2 435;3175;Smoerum;4570230438
1435;AccountName436;Address436;Address2 436;3176;Smoerum;4570230439
1436;AccountName437;Address437;Address2 437;3177;Smoerum;4570230440
1437;AccountName438;Address438;Address2 438;3178;Smoerum;4570230441
1438;AccountName439;Address439;Address2 439;3179;Smoerum;4570230442
1439;AccountName440;Address440;Address2 440;3180;Smoerum;4570230443
1440;AccountName441;Address441;Address2 441;3181;Smoerum;4570230444
1441;AccountName442;Address442;Address2 442;3182;Smoerum;4570230445
1442;AccountName443;Address443;Address2 443;3183;Smoerum;4570230446
1443;AccountName444;Address444;Address2 444;3184;Smoerum;4570230447
1444;AccountName445;Address445;Address2 445;3185;Smoerum;4570230448
1445;AccountName446;Address446;Address2 446;3186;Smoerum;4570230449
1446;AccountName447;Address447;Address2 447;3187;Smoerum;4570230450
1447;AccountName448;Address448;Address2 448;3188;Smoerum;4570230451
1448;AccountName449;Address449;Address2 449;3189;Smoerum;4570230452
1449;AccountName450;Address450;Address2 450;3190;Smoerum;4570230453
1450;AccountName451;Address451;Address2 451;3191;Smoerum;4570230454
1451;AccountName452;Address452;Address2 452;3192;Smoerum;4570230455
1452;AccountName453;Address453;Address2 453;3193;Smoerum;4570230456
1453;AccountName454;Address454;Address2 454;3194;Smoerum;4570230457
1454;AccountName455;Address455;Address2 455;3195;Smoerum;4570230458
1455;AccountName456;Address456;Address2 456;3196;Smoerum;4570230459
1456;AccountName457;Address457;Address2 457;3197;Smoerum;4570230460
1457;AccountName458;Address458;Address2 458;3198;Smoerum;4570230461
1458;AccountName459;Address459;Address2 459;3199;Smoerum;4570230462
1459;AccountName460;Address460;Address2 460;3200;Smoerum;4570230463
1460;AccountName461;Address461;Address2 461;3201;Smoerum;4570230464
1461;AccountName462;Address462;Address2 462;3202;Smoerum;4570230465
1462;AccountName463;Address463;Address2 463;3203;Smoerum;4570230466
1463;AccountName464;Address464;Address2 464;3204;Smoerum;4570230467
1464;AccountName465;Address465;Address2 465;3205;Smoerum;4570230468
1465;AccountName466;Address466;Address2 466;3206;Smoerum;4570230469
1466;AccountName467;Address467;Address2 467;3207;Smoerum;4570230470
1467;AccountName468;Address468;Address2 468;3208;Smoerum;4570230471
1468;AccountName469;Address469;Address2 469;3209;Smoerum;4570230472
1469;AccountName470;Address470;Address2 470;3210;Smoerum;4570230473
1470;AccountName471;Address471;Address2 471;3211;Smoerum;4570230474
1471;AccountName472;Address472;Address2 472;3212;Smoerum;4570230475
1472;AccountName473;Address473;Address2 473;3213;Smoerum;4570230476
1473;AccountName474;Address474;Address2 474;3214;Smoerum;4570230477
1474;AccountName475;Address475;Address2 475;3215;Smoerum;4570230478
1475;AccountName476;Address476;Address2 476;3216;Smoerum;4570230479
1476;AccountName477;Address477;Address2 477;3217;Smoerum;4570230480
1477;AccountName478;Address478;Address2 478;3218;Smoerum;4570230481
1478;AccountName479;Address479;Address2 479;3219;Smoerum;4570230482
1479;AccountName480;Address480;Address2 480;3220;Smoerum;4570230483
1480;AccountName481;Address481;Address2 481;3221;Smoerum;4570230484
1481;AccountName482;Address482;Address2 482;3222;Smoerum;4570230485
1482;AccountName483;Address483;Address2 483;3223;Smoerum;4570230486
1483;AccountName484;Address484;Address2 484;3224;Smoerum;4570230487
1484;AccountName485;Address485;Address2 485;3225;Smoerum;4570230488
1485;AccountName486;Address486;Address2 486;3226;Smoerum;4570230489
1486;AccountName487;Address487;Address2 487;3227;Smoerum;4570230490
1487;AccountName488;Address488;Address2 488;3228;Smoerum;4570230491
1488;AccountName489;Address489;Address2 489;3229;Smoerum;4570230492
1489;AccountName490;Address490;Address2 490;3230;Smoerum;4570230493
1490;AccountName491;Address491;Address2 491;3231;Smoerum;4570230494
1491;AccountName492;Address492;Address2 492;3232;Smoerum;4570230495
1492;AccountName493;Address493;Address2 493;3233;Smoerum;4570230496
1493;AccountName494;Address494;Address2 494;3234;Smoerum;4570230497
1494;AccountName495;Address495;Address2 495;3235;Smoerum;4570230498
1495;AccountName496;Address496;Address2 496;3236;Smoerum;4570230499
1496;AccountName497;Address497;Address2 497;3237;Smoerum;4570230500
1497;AccountName498;Address498;Address2 498;3238;Smoerum;4570230501
1498;AccountName499;Address499;Address2 499;3239;Smoerum;4570230502
1499;AccountName500;Address500;Address2 500;3240;Smoerum;4570230503
1500;AccountName501;Address501;Address2 501;3241;Smoerum;4570230504
1501;AccountName502;Address502;Address2 502;3242;Smoerum;4570230505
1502;AccountName503;Address503;Address2 503;3243;Smoerum;4570230506
1503;AccountName504;Address504;Address2 504;3244;Smoerum;4570230507
1504;AccountName505;Address505;Address2 505;3245;Smoerum;4570230508
1505;AccountName506;Address506;Address2 506;3246;Smoerum;4570230509
1506;AccountName507;Address507;Address2 507;3247;Smoerum;4570230510
1507;AccountName508;Address508;Address2 508;3248;Smoerum;4570230511
1508;AccountName509;Address509;Address2 509;3249;Smoerum;4570230512
1509;AccountName510;Address510;Address2 510;3250;Smoerum;4570230513
1510;AccountName511;Address511;Address2 511;3251;Smoerum;4570230514
1511;AccountName512;Address512;Address2 512;3252;Smoerum;4570230515
1512;AccountName513;Address513;Address2 513;3253;Smoerum;4570230516
1513;AccountName514;Address514;Address2 514;3254;Smoerum;4570230517
1514;AccountName515;Address515;Address2 515;3255;Smoerum;4570230518
1515;AccountName516;Address516;Address2 516;3256;Smoerum;4570230519
1516;AccountName517;Address517;Address2 517;3257;Smoerum;4570230520
1517;AccountName518;Address518;Address2 518;3258;Smoerum;4570230521
1518;AccountName519;Address519;Address2 519;3259;Smoerum;4570230522
1519;AccountName520;Address520;Address2 520;3260;Smoerum;4570230523
1520;AccountName521;Address521;Address2 521;3261;Smoerum;4570230524
1521;AccountName522;Address522;Address2 522;3262;Smoerum;4570230525
1522;AccountName523;Address523;Address2 523;3263;Smoerum;4570230526
1523;AccountName524;Address524;Address2 524;3264;Smoerum;4570230527
1524;AccountName525;Address525;Address2 525;3265;Smoerum;4570230528
1525;AccountName526;Address526;Address2 526;3266;Smoerum;4570230529
1526;AccountName527;Address527;Address2 527;3267;Smoerum;4570230530
1527;AccountName528;Address528;Address2 528;3268;Smoerum;4570230531
1528;AccountName529;Address529;Address2 529;3269;Smoerum;4570230532
1529;AccountName530;Address530;Address2 530;3270;Smoerum;4570230533
1530;AccountName531;Address531;Address2 531;3271;Smoerum;4570230534
1531;AccountName532;Address532;Address2 532;3272;Smoerum;4570230535
1532;AccountName533;Address533;Address2 533;3273;Smoerum;4570230536
1533;AccountName534;Address534;Address2 534;3274;Smoerum;4570230537
1534;AccountName535;Address535;Address2 535;3275;Smoerum;4570230538
1535;AccountName536;Address536;Address2 536;3276;Smoerum;4570230539
1536;AccountName537;Address537;Address2 537;3277;Smoerum;4570230540
1537;AccountName538;Address538;Address2 538;3278;Smoerum;4570230541
1538;AccountName539;Address539;Address2 539;3279;Smoerum;4570230542
1539;AccountName540;Address540;Address2 540;3280;Smoerum;4570230543
1540;AccountName541;Address541;Address2 541;3281;Smoerum;4570230544
1541;AccountName542;Address542;Address2 542;3282;Smoerum;4570230545
1542;AccountName543;Address543;Address2 543;3283;Smoerum;4570230546
1543;AccountName544;Address544;Address2 544;3284;Smoerum;4570230547
1544;AccountName545;Address545;Address2 545;3285;Smoerum;4570230548
1545;AccountName546;Address546;Address2 546;3286;Smoerum;4570230549
1546;AccountName547;Address547;Address2 547;3287;Smoerum;4570230550
1547;AccountName548;Address548;Address2 548;3288;Smoerum;4570230551
1548;AccountName549;Address549;Address2 549;3289;Smoerum;4570230552
1549;AccountName550;Address550;Address2 550;3290;Smoerum;4570230553
1550;AccountName551;Address551;Address2 551;3291;Smoerum;4570230554
1551;AccountName552;Address552;Address2 552;3292;Smoerum;4570230555
1552;AccountName553;Address553;Address2 553;3293;Smoerum;4570230556
1553;AccountName554;Address554;Address2 554;3294;Smoerum;4570230557
1554;AccountName555;Address555;Address2 555;3295;Smoerum;4570230558
1555;AccountName556;Address556;Address2 556;3296;Smoerum;4570230559
1556;AccountName557;Address557;Address2 557;3297;Smoerum;4570230560
1557;AccountName558;Address558;Address2 558;3298;Smoerum;4570230561
1558;AccountName559;Address559;Address2 559;3299;Smoerum;4570230562
1559;AccountName560;Address560;Address2 560;3300;Smoerum;4570230563
1560;AccountName561;Address561;Address2 561;3301;Smoerum;4570230564
1561;AccountName562;Address562;Address2 562;3302;Smoerum;4570230565
1562;AccountName563;Address563;Address2 563;3303;Smoerum;4570230566
1563;AccountName564;Address564;Address2 564;3304;Smoerum;4570230567
1564;AccountName565;Address565;Address2 565;3305;Smoerum;4570230568
1565;AccountName566;Address566;Address2 566;3306;Smoerum;4570230569
1566;AccountName567;Address567;Address2 567;3307;Smoerum;4570230570
1567;AccountName568;Address568;Address2 568;3308;Smoerum;4570230571
1568;AccountName569;Address569;Address2 569;3309;Smoerum;4570230572
1569;AccountName570;Address570;Address2 570;3310;Smoerum;4570230573
1570;AccountName571;Address571;Address2 571;3311;Smoerum;4570230574
1571;AccountName572;Address572;Address2 572;3312;Smoerum;4570230575
1572;AccountName573;Address573;Address2 573;3313;Smoerum;4570230576
1573;AccountName574;Address574;Address2 574;3314;Smoerum;4570230577
1574;AccountName575;Address575;Address2 575;3315;Smoerum;4570230578
1575;AccountName576;Address576;Address2 576;3316;Smoerum;4570230579
1576;AccountName577;Address577;Address2 577;3317;Smoerum;4570230580
1577;AccountName578;Address578;Address2 578;3318;Smoerum;4570230581
1578;AccountName579;Address579;Address2 579;3319;Smoerum;4570230582
1579;AccountName580;Address580;Address2 580;3320;Smoerum;4570230583
1580;AccountName581;Address581;Address2 581;3321;Smoerum;4570230584
1581;AccountName582;Address582;Address2 582;3322;Smoerum;4570230585
1582;AccountName583;Address583;Address2 583;3323;Smoerum;4570230586
1583;AccountName584;Address584;Address2 584;3324;Smoerum;4570230587
1584;AccountName585;Address585;Address2 585;3325;Smoerum;4570230588
1585;AccountName586;Address586;Address2 586;3326;Smoerum;4570230589
1586;AccountName587;Address587;Address2 587;3327;Smoerum;4570230590
1587;AccountName588;Address588;Address2 588;3328;Smoerum;4570230591
1588;AccountName589;Address589;Address2 589;3329;Smoerum;4570230592
1589;AccountName590;Address590;Address2 590;3330;Smoerum;4570230593
1590;AccountName591;Address591;Address2 591;3331;Smoerum;4570230594
1591;AccountName592;Address592;Address2 592;3332;Smoerum;4570230595
1592;AccountName593;Address593;Address2 593;3333;Smoerum;4570230596
1593;AccountName594;Address594;Address2 594;3334;Smoerum;4570230597
1594;AccountName595;Address595;Address2 595;3335;Smoerum;4570230598
1595;AccountName596;Address596;Address2 596;3336;Smoerum;4570230599
1596;AccountName597;Address597;Address2 597;3337;Smoerum;4570230600
1597;AccountName598;Address598;Address2 598;3338;Smoerum;4570230601
1598;AccountName599;Address599;Address2 599;3339;Smoerum;4570230602
1599;AccountName600;Address600;Address2 600;3340;Smoerum;4570230603
1600;AccountName601;Address601;Address2 601;3341;Smoerum;4570230604
1601;AccountName602;Address602;Address2 602;3342;Smoerum;4570230605
1602;AccountName603;Address603;Address2 603;3343;Smoerum;4570230606
1603;AccountName604;Address604;Address2 604;3344;Smoerum;4570230607
1604;AccountName605;Address605;Address2 605;3345;Smoerum;4570230608
1605;AccountName606;Address606;Address2 606;3346;Smoerum;4570230609
1606;AccountName607;Address607;Address2 607;3347;Smoerum;4570230610
1607;AccountName608;Address608;Address2 608;3348;Smoerum;4570230611
1608;AccountName609;Address609;Address2 609;3349;Smoerum;4570230612
1609;AccountName610;Address610;Address2 610;3350;Smoerum;4570230613
1610;AccountName611;Address611;Address2 611;3351;Smoerum;4570230614
1611;AccountName612;Address612;Address2 612;3352;Smoerum;4570230615
1612;AccountName613;Address613;Address2 613;3353;Smoerum;4570230616
1613;AccountName614;Address614;Address2 614;3354;Smoerum;4570230617
1614;AccountName615;Address615;Address2 615;3355;Smoerum;4570230618
1615;AccountName616;Address616;Address2 616;3356;Smoerum;4570230619
1616;AccountName617;Address617;Address2 617;3357;Smoerum;4570230620
1617;AccountName618;Address618;Address2 618;3358;Smoerum;4570230621
1618;AccountName619;Address619;Address2 619;3359;Smoerum;4570230622
1619;AccountName620;Address620;Address2 620;3360;Smoerum;4570230623
1620;AccountName621;Address621;Address2 621;3361;Smoerum;4570230624
1621;AccountName622;Address622;Address2 622;3362;Smoerum;4570230625
1622;AccountName623;Address623;Address2 623;3363;Smoerum;4570230626
1623;AccountName624;Address624;Address2 624;3364;Smoerum;4570230627
1624;AccountName625;Address625;Address2 625;3365;Smoerum;4570230628
1625;AccountName626;Address626;Address2 626;3366;Smoerum;4570230629
1626;AccountName627;Address627;Address2 627;3367;Smoerum;4570230630
1627;AccountName628;Address628;Address2 628;3368;Smoerum;4570230631
1628;AccountName629;Address629;Address2 629;3369;Smoerum;4570230632
1629;AccountName630;Address630;Address2 630;3370;Smoerum;4570230633
1630;AccountName631;Address631;Address2 631;3371;Smoerum;4570230634
1631;AccountName632;Address632;Address2 632;3372;Smoerum;4570230635
1632;AccountName633;Address633;Address2 633;3373;Smoerum;4570230636
1633;AccountName634;Address634;Address2 634;3374;Smoerum;4570230637
1634;AccountName635;Address635;Address2 635;3375;Smoerum;4570230638
1635;AccountName636;Address636;Address2 636;3376;Smoerum;4570230639
1636;AccountName637;Address637;Address2 637;3377;Smoerum;4570230640
1637;AccountName638;Address638;Address2 638;3378;Smoerum;4570230641
1638;AccountName639;Address639;Address2 639;3379;Smoerum;4570230642
1639;AccountName640;Address640;Address2 640;3380;Smoerum;4570230643
1640;AccountName641;Address641;Address2 641;3381;Smoerum;4570230644
1641;AccountName642;Address642;Address2 642;3382;Smoerum;4570230645
1642;AccountName643;Address643;Address2 643;3383;Smoerum;4570230646
1643;AccountName644;Address644;Address2 644;3384;Smoerum;4570230647
1644;AccountName645;Address645;Address2 645;3385;Smoerum;4570230648
1645;AccountName646;Address646;Address2 646;3386;Smoerum;4570230649
1646;AccountName647;Address647;Address2 647;3387;Smoerum;4570230650
1647;AccountName648;Address648;Address2 648;3388;Smoerum;4570230651
1648;AccountName649;Address649;Address2 649;3389;Smoerum;4570230652
1649;AccountName650;Address650;Address2 650;3390;Smoerum;4570230653
1650;AccountName651;Address651;Address2 651;3391;Smoerum;4570230654
1651;AccountName652;Address652;Address2 652;3392;Smoerum;4570230655
1652;AccountName653;Address653;Address2 653;3393;Smoerum;4570230656
1653;AccountName654;Address654;Address2 654;3394;Smoerum;4570230657
1654;AccountName655;Address655;Address2 655;3395;Smoerum;4570230658
1655;AccountName656;Address656;Address2 656;3396;Smoerum;4570230659
1656;AccountName657;Address657;Address2 657;3397;Smoerum;4570230660
1657;AccountName658;Address658;Address2 658;3398;Smoerum;4570230661
1658;AccountName659;Address659;Address2 659;3399;Smoerum;4570230662
1659;AccountName660;Address660;Address2 660;3400;Smoerum;4570230663
1660;AccountName661;Address661;Address2 661;3401;Smoerum;4570230664
1661;AccountName662;Address662;Address2 662;3402;Smoerum;4570230665
1662;AccountName663;Address663;Address2 663;3403;Smoerum;4570230666
1663;AccountName664;Address664;Address2 664;3404;Smoerum;4570230667
1664;AccountName665;Address665;Address2 665;3405;Smoerum;4570230668
1665;AccountName666;Address666;Address2 666;3406;Smoerum;4570230669
1666;AccountName667;Address667;Address2 667;3407;Smoerum;4570230670
1667;AccountName668;Address668;Address2 668;3408;Smoerum;4570230671
1668;AccountName669;Address669;Address2 669;3409;Smoerum;4570230672
1669;AccountName670;Address670;Address2 670;3410;Smoerum;4570230673
1670;AccountName671;Address671;Address2 671;3411;Smoerum;4570230674
1671;AccountName672;Address672;Address2 672;3412;Smoerum;4570230675
1672;AccountName673;Address673;Address2 673;3413;Smoerum;4570230676
1673;AccountName674;Address674;Address2 674;3414;Smoerum;4570230677
1674;AccountName675;Address675;Address2 675;3415;Smoerum;4570230678
1675;AccountName676;Address676;Address2 676;3416;Smoerum;4570230679
1676;AccountName677;Address677;Address2 677;3417;Smoerum;4570230680
1677;AccountName678;Address678;Address2 678;3418;Smoerum;4570230681
1678;AccountName679;Address679;Address2 679;3419;Smoerum;4570230682
1679;AccountName680;Address680;Address2 680;3420;Smoerum;4570230683
1680;AccountName681;Address681;Address2 681;3421;Smoerum;4570230684
1681;AccountName682;Address682;Address2 682;3422;Smoerum;4570230685
1682;AccountName683;Address683;Address2 683;3423;Smoerum;4570230686
1683;AccountName684;Address684;Address2 684;3424;Smoerum;4570230687
1684;AccountName685;Address685;Address2 685;3425;Smoerum;4570230688
1685;AccountName686;Address686;Address2 686;3426;Smoerum;4570230689
1686;AccountName687;Address687;Address2 687;3427;Smoerum;4570230690
1687;AccountName688;Address688;Address2 688;3428;Smoerum;4570230691
1688;AccountName689;Address689;Address2 689;3429;Smoerum;4570230692
1689;AccountName690;Address690;Address2 690;3430;Smoerum;4570230693
1690;AccountName691;Address691;Address2 691;3431;Smoerum;4570230694
1691;AccountName692;Address692;Address2 692;3432;Smoerum;4570230695
1692;AccountName693;Address693;Address2 693;3433;Smoerum;4570230696
1693;AccountName694;Address694;Address2 694;3434;Smoerum;4570230697
1694;AccountName695;Address695;Address2 695;3435;Smoerum;4570230698
1695;AccountName696;Address696;Address2 696;3436;Smoerum;4570230699
1696;AccountName697;Address697;Address2 697;3437;Smoerum;4570230700
1697;AccountName698;Address698;Address2 698;3438;Smoerum;4570230701
1698;AccountName699;Address699;Address2 699;3439;Smoerum;4570230702
1699;AccountName700;Address700;Address2 700;3440;Smoerum;4570230703
1700;AccountName701;Address701;Address2 701;3441;Smoerum;4570230704
1701;AccountName702;Address702;Address2 702;3442;Smoerum;4570230705
1702;AccountName703;Address703;Address2 703;3443;Smoerum;4570230706
1703;AccountName704;Address704;Address2 704;3444;Smoerum;4570230707
1704;AccountName705;Address705;Address2 705;3445;Smoerum;4570230708
1705;AccountName706;Address706;Address2 706;3446;Smoerum;4570230709
1706;AccountName707;Address707;Address2 707;3447;Smoerum;4570230710
1707;AccountName708;Address708;Address2 708;3448;Smoerum;4570230711
1708;AccountName709;Address709;Address2 709;3449;Smoerum;4570230712
1709;AccountName710;Address710;Address2 710;3450;Smoerum;4570230713
1710;AccountName711;Address711;Address2 711;3451;Smoerum;4570230714
1711;AccountName712;Address712;Address2 712;3452;Smoerum;4570230715
1712;AccountName713;Address713;Address2 713;3453;Smoerum;4570230716
1713;AccountName714;Address714;Address2 714;3454;Smoerum;4570230717
1714;AccountName715;Address715;Address2 715;3455;Smoerum;4570230718
1715;AccountName716;Address716;Address2 716;3456;Smoerum;4570230719
1716;AccountName717;Address717;Address2 717;3457;Smoerum;4570230720
1717;AccountName718;Address718;Address2 718;3458;Smoerum;4570230721
1718;AccountName719;Address719;Address2 719;3459;Smoerum;4570230722
1719;AccountName720;Address720;Address2 720;3460;Smoerum;4570230723
1720;AccountName721;Address721;Address2 721;3461;Smoerum;4570230724
1721;AccountName722;Address722;Address2 722;3462;Smoerum;4570230725
1722;AccountName723;Address723;Address2 723;3463;Smoerum;4570230726
1723;AccountName724;Address724;Address2 724;3464;Smoerum;4570230727
1724;AccountName725;Address725;Address2 725;3465;Smoerum;4570230728
1725;AccountName726;Address726;Address2 726;3466;Smoerum;4570230729
1726;AccountName727;Address727;Address2 727;3467;Smoerum;4570230730
1727;AccountName728;Address728;Address2 728;3468;Smoerum;4570230731
1728;AccountName729;Address729;Address2 729;3469;Smoerum;4570230732
1729;AccountName730;Address730;Address2 730;3470;Smoerum;4570230733
1730;AccountName731;Address731;Address2 731;3471;Smoerum;4570230734
1731;AccountName732;Address732;Address2 732;3472;Smoerum;4570230735
1732;AccountName733;Address733;Address2 733;3473;Smoerum;4570230736
1733;AccountName734;Address734;Address2 734;3474;Smoerum;4570230737
1734;AccountName735;Address735;Address2 735;3475;Smoerum;4570230738
1735;AccountName736;Address736;Address2 736;3476;Smoerum;4570230739
1736;AccountName737;Address737;Address2 737;3477;Smoerum;4570230740
1737;AccountName738;Address738;Address2 738;3478;Smoerum;4570230741
1738;AccountName739;Address739;Address2 739;3479;Smoerum;4570230742
1739;AccountName740;Address740;Address2 740;3480;Smoerum;4570230743
1740;AccountName741;Address741;Address2 741;3481;Smoerum;4570230744
1741;AccountName742;Address742;Address2 742;3482;Smoerum;4570230745
1742;AccountName743;Address743;Address2 743;3483;Smoerum;4570230746
1743;AccountName744;Address744;Address2 744;3484;Smoerum;4570230747
1744;AccountName745;Address745;Address2 745;3485;Smoerum;4570230748
1745;AccountName746;Address746;Address2 746;3486;Smoerum;4570230749
1746;AccountName747;Address747;Address2 747;3487;Smoerum;4570230750
1747;AccountName748;Address748;Address2 748;3488;Smoerum;4570230751
1748;AccountName749;Address749;Address2 749;3489;Smoerum;4570230752
1749;AccountName750;Address750;Address2 750;3490;Smoerum;4570230753
1750;AccountName751;Address751;Address2 751;3491;Smoerum;4570230754
1751;AccountName752;Address752;Address2 752;3492;Smoerum;4570230755
1752;AccountName753;Address753;Address2 753;3493;Smoerum;4570230756
1753;AccountName754;Address754;Address2 754;3494;Smoerum;4570230757
1754;AccountName755;Address755;Address2 755;3495;Smoerum;4570230758
1755;AccountName756;Address756;Address2 756;3496;Smoerum;4570230759
1756;AccountName757;Address757;Address2 757;3497;Smoerum;4570230760
1757;AccountName758;Address758;Address2 758;3498;Smoerum;4570230761
1758;AccountName759;Address759;Address2 759;3499;Smoerum;4570230762
1759;AccountName760;Address760;Address2 760;3500;Smoerum;4570230763
1760;AccountName761;Address761;Address2 761;3501;Smoerum;4570230764
1761;AccountName762;Address762;Address2 762;3502;Smoerum;4570230765
1762;AccountName763;Address763;Address2 763;3503;Smoerum;4570230766
1763;AccountName764;Address764;Address2 764;3504;Smoerum;4570230767
1764;AccountName765;Address765;Address2 765;3505;Smoerum;4570230768
1765;AccountName766;Address766;Address2 766;3506;Smoerum;4570230769
1766;AccountName767;Address767;Address2 767;3507;Smoerum;4570230770
1767;AccountName768;Address768;Address2 768;3508;Smoerum;4570230771
1768;AccountName769;Address769;Address2 769;3509;Smoerum;4570230772
1769;AccountName770;Address770;Address2 770;3510;Smoerum;4570230773
1770;AccountName771;Address771;Address2 771;3511;Smoerum;4570230774
1771;AccountName772;Address772;Address2 772;3512;Smoerum;4570230775
1772;AccountName773;Address773;Address2 773;3513;Smoerum;4570230776
1773;AccountName774;Address774;Address2 774;3514;Smoerum;4570230777
1774;AccountName775;Address775;Address2 775;3515;Smoerum;4570230778
1775;AccountName776;Address776;Address2 776;3516;Smoerum;4570230779
1776;AccountName777;Address777;Address2 777;3517;Smoerum;4570230780
1777;AccountName778;Address778;Address2 778;3518;Smoerum;4570230781
1778;AccountName779;Address779;Address2 779;3519;Smoerum;4570230782
1779;AccountName780;Address780;Address2 780;3520;Smoerum;4570230783
1780;AccountName781;Address781;Address2 781;3521;Smoerum;4570230784
1781;AccountName782;Address782;Address2 782;3522;Smoerum;4570230785
1782;AccountName783;Address783;Address2 783;3523;Smoerum;4570230786
1783;AccountName784;Address784;Address2 784;3524;Smoerum;4570230787
1784;AccountName785;Address785;Address2 785;3525;Smoerum;4570230788
1785;AccountName786;Address786;Address2 786;3526;Smoerum;4570230789
1786;AccountName787;Address787;Address2 787;3527;Smoerum;4570230790
1787;AccountName788;Address788;Address2 788;3528;Smoerum;4570230791
1788;AccountName789;Address789;Address2 789;3529;Smoerum;4570230792
1789;AccountName790;Address790;Address2 790;3530;Smoerum;4570230793
1790;AccountName791;Address791;Address2 791;3531;Smoerum;4570230794
1791;AccountName792;Address792;Address2 792;3532;Smoerum;4570230795
1792;AccountName793;Address793;Address2 793;3533;Smoerum;4570230796
1793;AccountName794;Address794;Address2 794;3534;Smoerum;4570230797
1794;AccountName795;Address795;Address2 795;3535;Smoerum;4570230798
1795;AccountName796;Address796;Address2 796;3536;Smoerum;4570230799
1796;AccountName797;Address797;Address2 797;3537;Smoerum;4570230800
1797;AccountName798;Address798;Address2 798;3538;Smoerum;4570230801
1798;AccountName799;Address799;Address2 799;3539;Smoerum;4570230802
1799;AccountName800;Address800;Address2 800;3540;Smoerum;4570230803
1800;AccountName801;Address801;Address2 801;3541;Smoerum;4570230804
1801;AccountName802;Address802;Address2 802;3542;Smoerum;4570230805
1802;AccountName803;Address803;Address2 803;3543;Smoerum;4570230806
1803;AccountName804;Address804;Address2 804;3544;Smoerum;4570230807
1804;AccountName805;Address805;Address2 805;3545;Smoerum;4570230808
1805;AccountName806;Address806;Address2 806;3546;Smoerum;4570230809
1806;AccountName807;Address807;Address2 807;3547;Smoerum;4570230810
1807;AccountName808;Address808;Address2 808;3548;Smoerum;4570230811
1808;AccountName809;Address809;Address2 809;3549;Smoerum;4570230812
1809;AccountName810;Address810;Address2 810;3550;Smoerum;4570230813
1810;AccountName811;Address811;Address2 811;3551;Smoerum;4570230814
1811;AccountName812;Address812;Address2 812;3552;Smoerum;4570230815
1812;AccountName813;Address813;Address2 813;3553;Smoerum;4570230816
1813;AccountName814;Address814;Address2 814;3554;Smoerum;4570230817
1814;AccountName815;Address815;Address2 815;3555;Smoerum;4570230818
1815;AccountName816;Address816;Address2 816;3556;Smoerum;4570230819
1816;AccountName817;Address817;Address2 817;3557;Smoerum;4570230820
1817;AccountName818;Address818;Address2 818;3558;Smoerum;4570230821
1818;AccountName819;Address819;Address2 819;3559;Smoerum;4570230822
1819;AccountName820;Address820;Address2 820;3560;Smoerum;4570230823
1820;AccountName821;Address821;Address2 821;3561;Smoerum;4570230824
1821;AccountName822;Address822;Address2 822;3562;Smoerum;4570230825
1822;AccountName823;Address823;Address2 823;3563;Smoerum;4570230826
1823;AccountName824;Address824;Address2 824;3564;Smoerum;4570230827
1824;AccountName825;Address825;Address2 825;3565;Smoerum;4570230828
1825;AccountName826;Address826;Address2 826;3566;Smoerum;4570230829
1826;AccountName827;Address827;Address2 827;3567;Smoerum;4570230830
1827;AccountName828;Address828;Address2 828;3568;Smoerum;4570230831
1828;AccountName829;Address829;Address2 829;3569;Smoerum;4570230832
1829;AccountName830;Address830;Address2 830;3570;Smoerum;4570230833
1830;AccountName831;Address831;Address2 831;3571;Smoerum;4570230834
1831;AccountName832;Address832;Address2 832;3572;Smoerum;4570230835
1832;AccountName833;Address833;Address2 833;3573;Smoerum;4570230836
1833;AccountName834;Address834;Address2 834;3574;Smoerum;4570230837
1834;AccountName835;Address835;Address2 835;3575;Smoerum;4570230838
1835;AccountName836;Address836;Address2 836;3576;Smoerum;4570230839
1836;AccountName837;Address837;Address2 837;3577;Smoerum;4570230840
1837;AccountName838;Address838;Address2 838;3578;Smoerum;4570230841
1838;AccountName839;Address839;Address2 839;3579;Smoerum;4570230842
1839;AccountName840;Address840;Address2 840;3580;Smoerum;4570230843
1840;AccountName841;Address841;Address2 841;3581;Smoerum;4570230844
1841;AccountName842;Address842;Address2 842;3582;Smoerum;4570230845
1842;AccountName843;Address843;Address2 843;3583;Smoerum;4570230846
1843;AccountName844;Address844;Address2 844;3584;Smoerum;4570230847
1844;AccountName845;Address845;Address2 845;3585;Smoerum;4570230848
1845;AccountName846;Address846;Address2 846;3586;Smoerum;4570230849
1846;AccountName847;Address847;Address2 847;3587;Smoerum;4570230850
1847;AccountName848;Address848;Address2 848;3588;Smoerum;4570230851
1848;AccountName849;Address849;Address2 849;3589;Smoerum;4570230852
1849;AccountName850;Address850;Address2 850;3590;Smoerum;4570230853
1850;AccountName851;Address851;Address2 851;3591;Smoerum;4570230854
1851;AccountName852;Address852;Address2 852;3592;Smoerum;4570230855
1852;AccountName853;Address853;Address2 853;3593;Smoerum;4570230856
1853;AccountName854;Address854;Address2 854;3594;Smoerum;4570230857
1854;AccountName855;Address855;Address2 855;3595;Smoerum;4570230858
1855;AccountName856;Address856;Address2 856;3596;Smoerum;4570230859
1856;AccountName857;Address857;Address2 857;3597;Smoerum;4570230860
1857;AccountName858;Address858;Address2 858;3598;Smoerum;4570230861
1858;AccountName859;Address859;Address2 859;3599;Smoerum;4570230862
1859;AccountName860;Address860;Address2 860;3600;Smoerum;4570230863
1860;AccountName861;Address861;Address2 861;3601;Smoerum;4570230864
1861;AccountName862;Address862;Address2 862;3602;Smoerum;4570230865
1862;AccountName863;Address863;Address2 863;3603;Smoerum;4570230866
1863;AccountName864;Address864;Address2 864;3604;Smoerum;4570230867
1864;AccountName865;Address865;Address2 865;3605;Smoerum;4570230868
1865;AccountName866;Address866;Address2 866;3606;Smoerum;4570230869
1866;AccountName867;Address867;Address2 867;3607;Smoerum;4570230870
1867;AccountName868;Address868;Address2 868;3608;Smoerum;4570230871
1868;AccountName869;Address869;Address2 869;3609;Smoerum;4570230872
1869;AccountName870;Address870;Address2 870;3610;Smoerum;4570230873
1870;AccountName871;Address871;Address2 871;3611;Smoerum;4570230874
1871;AccountName872;Address872;Address2 872;3612;Smoerum;4570230875
1872;AccountName873;Address873;Address2 873;3613;Smoerum;4570230876
1873;AccountName874;Address874;Address2 874;3614;Smoerum;4570230877
1874;AccountName875;Address875;Address2 875;3615;Smoerum;4570230878
1875;AccountName876;Address876;Address2 876;3616;Smoerum;4570230879
1876;AccountName877;Address877;Address2 877;3617;Smoerum;4570230880
1877;AccountName878;Address878;Address2 878;3618;Smoerum;4570230881
1878;AccountName879;Address879;Address2 879;3619;Smoerum;4570230882
1879;AccountName880;Address880;Address2 880;3620;Smoerum;4570230883
1880;AccountName881;Address881;Address2 881;3621;Smoerum;4570230884
1881;AccountName882;Address882;Address2 882;3622;Smoerum;4570230885
1882;AccountName883;Address883;Address2 883;3623;Smoerum;4570230886
1883;AccountName884;Address884;Address2 884;3624;Smoerum;4570230887
1884;AccountName885;Address885;Address2 885;3625;Smoerum;4570230888
1885;AccountName886;Address886;Address2 886;3626;Smoerum;4570230889
1886;AccountName887;Address887;Address2 887;3627;Smoerum;4570230890
1887;AccountName888;Address888;Address2 888;3628;Smoerum;4570230891
1888;AccountName889;Address889;Address2 889;3629;Smoerum;4570230892
1889;AccountName890;Address890;Address2 890;3630;Smoerum;4570230893
1890;AccountName891;Address891;Address2 891;3631;Smoerum;4570230894
1891;AccountName892;Address892;Address2 892;3632;Smoerum;4570230895
1892;AccountName893;Address893;Address2 893;3633;Smoerum;4570230896
1893;AccountName894;Address894;Address2 894;3634;Smoerum;4570230897
1894;AccountName895;Address895;Address2 895;3635;Smoerum;4570230898
1895;AccountName896;Address896;Address2 896;3636;Smoerum;4570230899
1896;AccountName897;Address897;Address2 897;3637;Smoerum;4570230900
1897;AccountName898;Address898;Address2 898;3638;Smoerum;4570230901
1898;AccountName899;Address899;Address2 899;3639;Smoerum;4570230902
1899;AccountName900;Address900;Address2 900;3640;Smoerum;4570230903
1900;AccountName901;Address901;Address2 901;3641;Smoerum;4570230904
1901;AccountName902;Address902;Address2 902;3642;Smoerum;4570230905
1902;AccountName903;Address903;Address2 903;3643;Smoerum;4570230906
1903;AccountName904;Address904;Address2 904;3644;Smoerum;4570230907
1904;AccountName905;Address905;Address2 905;3645;Smoerum;4570230908
1905;AccountName906;Address906;Address2 906;3646;Smoerum;4570230909
1906;AccountName907;Address907;Address2 907;3647;Smoerum;4570230910
1907;AccountName908;Address908;Address2 908;3648;Smoerum;4570230911
1908;AccountName909;Address909;Address2 909;3649;Smoerum;4570230912
1909;AccountName910;Address910;Address2 910;3650;Smoerum;4570230913
1910;AccountName911;Address911;Address2 911;3651;Smoerum;4570230914
1911;AccountName912;Address912;Address2 912;3652;Smoerum;4570230915
1912;AccountName913;Address913;Address2 913;3653;Smoerum;4570230916
1913;AccountName914;Address914;Address2 914;3654;Smoerum;4570230917
1914;AccountName915;Address915;Address2 915;3655;Smoerum;4570230918
1915;AccountName916;Address916;Address2 916;3656;Smoerum;4570230919
1916;AccountName917;Address917;Address2 917;3657;Smoerum;4570230920
1917;AccountName918;Address918;Address2 918;3658;Smoerum;4570230921
1918;AccountName919;Address919;Address2 919;3659;Smoerum;4570230922
1919;AccountName920;Address920;Address2 920;3660;Smoerum;4570230923
1920;AccountName921;Address921;Address2 921;3661;Smoerum;4570230924
1921;AccountName922;Address922;Address2 922;3662;Smoerum;4570230925
1922;AccountName923;Address923;Address2 923;3663;Smoerum;4570230926
1923;AccountName924;Address924;Address2 924;3664;Smoerum;4570230927
1924;AccountName925;Address925;Address2 925;3665;Smoerum;4570230928
1925;AccountName926;Address926;Address2 926;3666;Smoerum;4570230929
1926;AccountName927;Address927;Address2 927;3667;Smoerum;4570230930
1927;AccountName928;Address928;Address2 928;3668;Smoerum;4570230931
1928;AccountName929;Address929;Address2 929;3669;Smoerum;4570230932
1929;AccountName930;Address930;Address2 930;3670;Smoerum;4570230933
1930;AccountName931;Address931;Address2 931;3671;Smoerum;4570230934
1931;AccountName932;Address932;Address2 932;3672;Smoerum;4570230935
1932;AccountName933;Address933;Address2 933;3673;Smoerum;4570230936
1933;AccountName934;Address934;Address2 934;3674;Smoerum;4570230937
1934;AccountName935;Address935;Address2 935;3675;Smoerum;4570230938
1935;AccountName936;Address936;Address2 936;3676;Smoerum;4570230939
1936;AccountName937;Address937;Address2 937;3677;Smoerum;4570230940
1937;AccountName938;Address938;Address2 938;3678;Smoerum;4570230941
1938;AccountName939;Address939;Address2 939;3679;Smoerum;4570230942
1939;AccountName940;Address940;Address2 940;3680;Smoerum;4570230943
1940;AccountName941;Address941;Address2 941;3681;Smoerum;4570230944
1941;AccountName942;Address942;Address2 942;3682;Smoerum;4570230945
1942;AccountName943;Address943;Address2 943;3683;Smoerum;4570230946
1943;AccountName944;Address944;Address2 944;3684;Smoerum;4570230947
1944;AccountName945;Address945;Address2 945;3685;Smoerum;4570230948
1945;AccountName946;Address946;Address2 946;3686;Smoerum;4570230949
1946;AccountName947;Address947;Address2 947;3687;Smoerum;4570230950
1947;AccountName948;Address948;Address2 948;3688;Smoerum;4570230951
1948;AccountName949;Address949;Address2 949;3689;Smoerum;4570230952
1949;AccountName950;Address950;Address2 950;3690;Smoerum;4570230953
1950;AccountName951;Address951;Address2 951;3691;Smoerum;4570230954
1951;AccountName952;Address952;Address2 952;3692;Smoerum;4570230955
1952;AccountName953;Address953;Address2 953;3693;Smoerum;4570230956
1953;AccountName954;Address954;Address2 954;3694;Smoerum;4570230957
1954;AccountName955;Address955;Address2 955;3695;Smoerum;4570230958
1955;AccountName956;Address956;Address2 956;3696;Smoerum;4570230959
1956;AccountName957;Address957;Address2 957;3697;Smoerum;4570230960
1957;AccountName958;Address958;Address2 958;3698;Smoerum;4570230961
1958;AccountName959;Address959;Address2 959;3699;Smoerum;4570230962
1959;AccountName960;Address960;Address2 960;3700;Smoerum;4570230963
1960;AccountName961;Address961;Address2 961;3701;Smoerum;4570230964
1961;AccountName962;Address962;Address2 962;3702;Smoerum;4570230965
1962;AccountName963;Address963;Address2 963;3703;Smoerum;4570230966
1963;AccountName964;Address964;Address2 964;3704;Smoerum;4570230967
1964;AccountName965;Address965;Address2 965;3705;Smoerum;4570230968
1965;AccountName966;Address966;Address2 966;3706;Smoerum;4570230969
1966;AccountName967;Address967;Address2 967;3707;Smoerum;4570230970
1967;AccountName968;Address968;Address2 968;3708;Smoerum;4570230971
1968;AccountName969;Address969;Address2 969;3709;Smoerum;4570230972
1969;AccountName970;Address970;Address2 970;3710;Smoerum;4570230973
1970;AccountName971;Address971;Address2 971;3711;Smoerum;4570230974
1971;AccountName972;Address972;Address2 972;3712;Smoerum;4570230975
1972;AccountName973;Address973;Address2 973;3713;Smoerum;4570230976
1973;AccountName974;Address974;Address2 974;3714;Smoerum;4570230977
1974;AccountName975;Address975;Address2 975;3715;Smoerum;4570230978
1975;AccountName976;Address976;Address2 976;3716;Smoerum;4570230979
1976;AccountName977;Address977;Address2 977;3717;Smoerum;4570230980
1977;AccountName978;Address978;Address2 978;3718;Smoerum;4570230981
1978;AccountName979;Address979;Address2 979;3719;Smoerum;4570230982
1979;AccountName980;Address980;Address2 980;3720;Smoerum;4570230983
1980;AccountName981;Address981;Address2 981;3721;Smoerum;4570230984
1981;AccountName982;Address982;Address2 982;3722;Smoerum;4570230985
1982;AccountName983;Address983;Address2 983;3723;Smoerum;4570230986
1983;AccountName984;Address984;Address2 984;3724;Smoerum;4570230987
1984;AccountName985;Address985;Address2 985;3725;Smoerum;4570230988
1985;AccountName986;Address986;Address2 986;3726;Smoerum;4570230989
1986;AccountName987;Address987;Address2 987;3727;Smoerum;4570230990
1987;AccountName988;Address988;Address2 988;3728;Smoerum;4570230991
1988;AccountName989;Address989;Address2 989;3729;Smoerum;4570230992
1989;AccountName990;Address990;Address2 990;3730;Smoerum;4570230993
1990;AccountName991;Address991;Address2 991;3731;Smoerum;4570230994
1991;AccountName992;Address992;Address2 992;3732;Smoerum;4570230995
1992;AccountName993;Address993;Address2 993;3733;Smoerum;4570230996
1993;AccountName994;Address994;Address2 994;3734;Smoerum;4570230997
1994;AccountName995;Address995;Address2 995;3735;Smoerum;4570230998
1995;AccountName996;Address996;Address2 996;3736;Smoerum;4570230999
1996;AccountName997;Address997;Address2 997;3737;Smoerum;4570231000
1997;AccountName998;Address998;Address2 998;3738;Smoerum;4570231001
1998;AccountName999;Address999;Address2 999;3739;Smoerum;4570231002
